<?xml version="1.0" encoding="UTF-8" standalone="yes"?>
<manifest>
  <control namespace="Hsl.PCFControls" constructor="GroupedOptionset" version="0.0.1" display-name-key="GroupedOptionset_Display_Key" description-key="GroupedOptionset_Desc_Key" control-type="standard" preview-image="preview.png">
    <property name="optionsetFieldControl" display-name-key="optionsetFieldControl_Display_Key" description-key="optionsetFieldControl_Desc_Key" of-type="OptionSet" usage="bound" required="true"/>
    <property name="groupingOptions" display-name-key="GroupingOptions_Display_Key" description-key="GroupingOptions_Desc_Key" of-type="SingleLine.TextArea" usage="input" required="false"/>
    <resources>
      <code path="bundle.js" order="1"/>
      <css path="groupedoptionset.css" order="1"/>
      <css path="materialize.min.css" order="1"/>
      <resx path="groupedoptionset.1033.resx" version="1.0.0"/>
      <img path="preview.png"/>
    </resources>
  </control>
</manifest>